{
  "before": {
    "mean_predicted": [
      0.04329628002926306,
      0.13885347956971292,
      0.24189704004587254,
      0.342948349831925,
      0.4414412188044152,
      0.543252539647152,
      0.6415686050325369,
      0.739443270495738,
      0.8577998566924048
    ],
    "actual_default_rate": [
      0.03966421372925613,
      0.15108546841384707,
      0.2519659239842726,
      0.3801580333625988,
      0.4436936936936937,
      0.5679611650485437,
      0.6547619047619048,
      0.8333333333333334,
      1.0
    ]
  },
  "after": {
    "mean_predicted": [
      0.049604686296517285,
      0.13668452207698176,
      0.24451003439271665,
      0.34413143867135476,
      0.44758199086821054,
      0.5459333240402512,
      0.6484373470275748,
      0.751096025471771,
      0.8502891416687318,
      0.9340300713625457
    ],
    "actual_default_rate": [
      0.04935933362966971,
      0.17803289924605895,
      0.27080820265379973,
      0.3299620733249052,
      0.3772819472616633,
      0.40672782874617736,
      0.4476987447698745,
      0.4970414201183432,
      0.5786163522012578,
      0.6818181818181818
    ]
  },
  "brier_score_before": 0.06611722764412134,
  "brier_score_after": 0.06737865359080067
}